create database practical;

create table customers (
customerId int primary key,
firstname varchar(212),
lastname varchar (212),
email varchar (212),
phonenumber int
);

create table orders (
orderId int primary key,
customerId int,
orderdate date,
totalamount int,
FOREIGN KEY (customerId) REFERENCES customers(customerId)
);

create table ordersdetails (
ordersdetailId int primary key,
orderId int,
productId int,
quntity int,
unitprice varchar (212),
FOREIGN KEY (orderId) REFERENCES orders(orderId),
FOREIGN KEY (productId) REFERENCES products(productId)
);

create table products (
productId int primary key,
productname varchar(212),
unitprice varchar (212),
instockquantity varchar (212)
);


INSERT INTO customers (customerId,firstname, lastname,email, phonenumber)
VALUES
    (1, 'John', 'Doe','doe@gmail.com',032978279 ),
    (2, 'Jane', 'Smith','jane@gmail.com',03333782 ),
    (3,'Mike', 'Johnson','mike@gmail.com',0333282 ),
    (4, 'Emily', 'Williams','emily@gmail.com',03333270),
    (5, 'David', 'Brown','brown@gmail.com',03097827 ),
    (6, 'Sarah', 'Miller', 'miller@gmail.com',033789),
    (7, 'Chris', 'Wilson','chirs@gmail.com',03092789),
    (8, 'Anna', 'Jones', 'anna@gmail.com',037773789),
    (9, 'Brian', 'Taylor', 'brian@gmail.com',0382789),
    (10, 'Laura', 'Anderson','laura@gmail.com',039782789);

	
INSERT INTO orders (orderId,customerId ,orderdate,totalamount)
VALUES(1,2,'2022-1-11',40),(2,3,'2002-3-2',8600),(3,1,'2022-1-11',300),(4,4,'2002-3-2',8900),(5,5,'2220-4-3',2800),
(6,6,'2220-6-7',4300),(7,7,'2220-5-3',3400),(8,8,'2220-3-2',9500),(9,9,'2220-7-3',2300),(10,10,'2052-9-3',5300);


INSERT INTO ordersdetails (ordersdetailId,orderId,productId ,quntity,unitprice)
values(1,1,1,1,'1'),(2,2,2,2,'12'),(3,3,3,21,'111'),(4,4,4,4,'4'),(5,5,5,5,'2'),
(6,6,6,6,'430'),(7,7,7,7,'400'),(8,8,8,8,'9'),(9,9,9,9,'300'),(10,10,10,10,'30');

INSERT INTO products (productId,productname,unitprice ,instockquantity)
values(1,'lays','20','22'),(2,'cake','20','2'),(3,'bally','3','400'),(4,'paper','2','90'),(5,'dog','2','90'),
(6,'ball','1','11'),(7,'bat','3','11'),(8,'wicket','2','5'),(9,'shirt','3','3'),(10,'pant' ,'2','30');


select * from customers;

select * from products;

select * from ordersdetails;

select * from orders;

--1)
create login order_clerk with password ='password';
 create user order_clerk for login order_clerk;
 grant insert,update on dbo.orders to order_clerk;
 grant insert,update on dbo.ordersdetails to order_clerk;

 --2
	create trigger update_stock_audit on products
	for UPDATE
	as
	begin
	print'data insert'
	end
	update products set instockquantity ='22' where productId = 2
	
--3
select firstname,lastname,orderdate,totalamount from customers as c inner join orders as o on c.customerId=o.customerId;


--4
select productname , quntity,totalamount from products as p inner join ordersdetails as o on p.productId=o.productId
inner join orders as oo on o.orderId=oo.orderId where oo.totalamount > (select AVG(totalamount) from orders);

--5
create procedure getorderbycustomer
	@id int
	as
	begin
	select * from orders where customerId = @id;
	end

	exec getorderbycustomer @id = 2;

	--6
	create view ordersummary as
	SELECT orderId,customerId,orderdate,totalamount 
from orders;
	select * from ordersummary;

	--7
	create view productinventory as
	SELECT productname,instockquantity
from products;
	select * from productinventory;

	--8	
	select firstname,lastname, orderId,orderdate,totalamount from ordersummary as o inner join customers as c on o.customerId=c.customerId;